Concert,Phrase,Musician1,Musician2,Texture,Pair,F_M1_M2,p_M1_M2,F_M2_M1,p_M2_M1,p_M1_M2_Bin,p_M2_M1_Bin,avgF,Melody Instrument
BrahmsConcertPart1,File1,m1,m2,P,m1_m2,0.958289283,0.532068421,1.379424362,0.090238497,0,0,1.168856823,Mixed
BrahmsConcertPart1,File1,m1,m3,P,m1_m3,0.647904455,0.92614923,1.132106095,0.291007796,0,0,0.890005275,Mixed
BrahmsConcertPart1,File1,m1,m4,P,m1_m4,0.467089682,0.993436215,0.748212996,0.832129586,0,0,0.607651339,Mixed
BrahmsConcertPart1,File1,m1,m5,P,m1_m5,0.486868681,0.990726443,0.949101671,0.546176287,0,0,0.717985176,Mixed
BrahmsConcertPart1,File1,m2,m3,P,m2_m3,0.957870014,0.53271114,1.26546637,0.161230089,0,0,1.111668192,Mixed
BrahmsConcertPart1,File1,m2,m4,P,m2_m4,0.982479509,0.495232144,1.327521877,0.118488894,0,0,1.155000693,Mixed
BrahmsConcertPart1,File1,m2,m5,P,m2_m5,1.081661044,0.35388519,1.681200217,0.014767392,0,1,1.381430631,Mixed
BrahmsConcertPart1,File1,m3,m4,P,m3_m4,1.696974589,0.01331178,1.18209186,0.236052791,1,0,1.439533225,Mixed
BrahmsConcertPart1,File1,m3,m5,P,m3_m5,1.162348094,0.256855352,1.161723786,0.257532513,0,0,1.16203594,Mixed
BrahmsConcertPart1,File1,m4,m5,P,m4_m5,0.600300699,0.955149195,1.17305107,0.245430775,0,0,0.886675884,Mixed
BrahmsConcertPart1,File10,m1,m2,P,m1_m2,0.915388554,0.59842479,1.7845562,0.006505587,0,1,1.349972377,Mixed
BrahmsConcertPart1,File10,m1,m3,P,m1_m3,0.513455149,0.986337632,0.958463568,0.531336549,0,0,0.735959358,Mixed
BrahmsConcertPart1,File10,m1,m4,P,m1_m4,1.495009709,0.044354152,0.984644544,0.491026185,1,0,1.239827127,Mixed
BrahmsConcertPart1,File10,m1,m5,P,m1_m5,2.445755622,3.34E-05,1.255282482,0.165377545,1,0,1.850519052,Mixed
BrahmsConcertPart1,File10,m2,m3,P,m2_m3,0.969360278,0.514482604,0.680017953,0.902697649,0,0,0.824689116,Mixed
BrahmsConcertPart1,File10,m2,m4,P,m2_m4,0.643263059,0.930951804,0.716547166,0.868489986,0,0,0.679905112,Mixed
BrahmsConcertPart1,File10,m2,m5,P,m2_m5,1.270292305,0.153635993,0.801596722,0.766923214,0,0,1.035944514,Mixed
BrahmsConcertPart1,File10,m3,m4,P,m3_m4,0.957180726,0.533326345,0.724068322,0.860700503,0,0,0.840624524,Mixed
BrahmsConcertPart1,File10,m3,m5,P,m3_m5,1.022782283,0.433874116,1.250537431,0.169227987,0,0,1.136659857,Mixed
BrahmsConcertPart1,File10,m4,m5,P,m4_m5,1.149203729,0.268002993,1.000795309,0.466547386,0,0,1.074999519,Mixed
BrahmsConcertPart1,File11,m1,m2,H,m1_m2,1.253928294,0.167583283,3.224664297,3.44E-08,0,1,2.239296296,m5
BrahmsConcertPart1,File11,m1,m3,H,m1_m3,1.439920635,0.06241682,3.391800189,7.18E-09,0,1,2.415860412,m5
BrahmsConcertPart1,File11,m1,m4,H,m1_m4,1.481772595,0.048844532,3.710169254,3.48E-10,1,1,2.595970925,m5
BrahmsConcertPart1,File11,m1,m5,H,m1_m5,1.471154301,0.052017703,3.057145865,1.62E-07,0,1,2.264150083,m5
BrahmsConcertPart1,File11,m2,m3,H,m2_m3,1.845102719,0.004376875,5.164805392,2.30E-16,1,1,3.504954056,m5
BrahmsConcertPart1,File11,m2,m4,H,m2_m4,1.064629202,0.375020659,4.080397384,9.75E-12,0,1,2.572513293,m5
BrahmsConcertPart1,File11,m2,m5,H,m2_m5,2.708402726,3.79E-06,3.838143301,1.02E-10,1,1,3.273273014,m5
BrahmsConcertPart1,File11,m3,m4,H,m3_m4,2.656464356,6.00E-06,1.595562672,0.024158065,1,1,2.126013514,m5
BrahmsConcertPart1,File11,m3,m5,H,m3_m5,4.19548597,3.18E-12,1.724532553,0.01025102,1,1,2.960009261,m5
BrahmsConcertPart1,File11,m4,m5,H,m4_m5,4.692006206,2.47E-14,2.190678177,0.000308255,1,1,3.441342191,m5
BrahmsConcertPart2,File11,m1,m2,P,m1_m2,1.704831766,0.011671015,1.073765506,0.362499237,1,0,1.389298636,Mixed
BrahmsConcertPart2,File11,m1,m3,P,m1_m3,1.069612411,0.368116007,1.557803434,0.030588991,0,1,1.313707922,Mixed
BrahmsConcertPart2,File11,m1,m4,P,m1_m4,1.154486459,0.26288147,1.06424152,0.375444359,0,0,1.109363989,Mixed
BrahmsConcertPart2,File11,m1,m5,P,m1_m5,1.064588347,0.374968957,1.260821718,0.161900614,0,0,1.162705032,Mixed
BrahmsConcertPart2,File11,m2,m3,P,m2_m3,0.718077102,0.866470497,0.934110939,0.569243962,0,0,0.82609402,Mixed
BrahmsConcertPart2,File11,m2,m4,P,m2_m4,1.589985421,0.024943755,1.095399337,0.333975347,1,0,1.342692379,Mixed
BrahmsConcertPart2,File11,m2,m5,P,m2_m5,1.137678717,0.282043217,0.623849347,0.94308401,0,0,0.880764032,Mixed
BrahmsConcertPart2,File11,m3,m4,P,m3_m4,1.584688635,0.025802717,0.989224114,0.484294664,1,0,1.286956374,Mixed
BrahmsConcertPart2,File11,m3,m5,P,m3_m5,0.923072495,0.586413871,1.235000477,0.183234637,0,0,1.079036486,Mixed
BrahmsConcertPart2,File11,m4,m5,P,m4_m5,1.500129808,0.04363361,1.301733654,0.132062696,1,0,1.400931731,Mixed
BrahmsConcertPart1,File13,m1,m2,P,m1_m2,1.059356442,0.383492512,2.551754923,1.87E-05,0,1,1.805555682,Mixed
BrahmsConcertPart1,File13,m1,m3,P,m1_m3,1.431009802,0.067452044,1.449571302,0.06071045,0,0,1.440290552,Mixed
BrahmsConcertPart1,File13,m1,m4,P,m1_m4,2.207927754,0.00030988,1.439182274,0.064408145,1,0,1.823555014,Mixed
BrahmsConcertPart1,File13,m1,m5,P,m1_m5,0.440088555,0.996108546,1.670426607,0.015597162,0,1,1.055257581,Mixed
BrahmsConcertPart1,File13,m2,m3,P,m2_m3,2.126944539,0.000583417,0.467918387,0.993389218,1,0,1.297431463,Mixed
BrahmsConcertPart1,File13,m2,m4,P,m2_m4,3.061910252,2.26E-07,1.124605339,0.299387656,1,0,2.093257796,Mixed
BrahmsConcertPart1,File13,m2,m5,P,m2_m5,1.723566622,0.01095808,1.470669139,0.053764416,1,0,1.59711788,Mixed
BrahmsConcertPart1,File13,m3,m4,P,m3_m4,2.158299502,0.000457325,0.989297567,0.484791116,1,0,1.573798535,Mixed
BrahmsConcertPart1,File13,m3,m5,P,m3_m5,0.843743765,0.706350091,1.995989822,0.001578494,0,1,1.419866793,Mixed
BrahmsConcertPart1,File13,m4,m5,P,m4_m5,1.50216035,0.044690506,3.496140396,4.52E-09,1,1,2.499150373,Mixed
BrahmsConcertPart2,File13,m1,m2,H,m1_m2,1.274531628,0.148371035,1.207434776,0.205331057,0,0,1.240983202,m5
BrahmsConcertPart2,File13,m1,m3,H,m1_m3,1.137119447,0.280183216,1.234458491,0.180726386,0,0,1.185788969,m5
BrahmsConcertPart2,File13,m1,m4,H,m1_m4,1.509707796,0.039195992,0.942118691,0.556662999,1,0,1.225913244,m5
BrahmsConcertPart2,File13,m1,m5,H,m1_m5,2.018419378,0.001015246,1.431239522,0.063017212,1,0,1.72482945,m5
BrahmsConcertPart2,File13,m2,m3,H,m2_m3,0.76833202,0.810985401,0.767760078,0.811691927,0,0,0.768046049,m5
BrahmsConcertPart2,File13,m2,m4,H,m2_m4,1.183905849,0.2286315,1.139158806,0.277792817,0,0,1.161532327,m5
BrahmsConcertPart2,File13,m2,m5,H,m2_m5,0.596982705,0.958623149,1.158735555,0.255506548,0,0,0.87785913,m5
BrahmsConcertPart2,File13,m3,m4,H,m3_m4,0.903682819,0.616875697,0.881183712,0.651731136,0,0,0.892433265,m5
BrahmsConcertPart2,File13,m3,m5,H,m3_m5,0.929661971,0.576203345,0.956956372,0.533443476,0,0,0.943309172,m5
BrahmsConcertPart2,File13,m4,m5,H,m4_m5,1.07579036,0.357860626,1.122906929,0.297197221,0,0,1.099348645,m5
BrahmsConcertPart2,File14,m1,m2,P,m1_m2,0.715889602,0.869159097,0.862901743,0.679009763,0,0,0.789395672,Mixed
BrahmsConcertPart2,File14,m1,m3,P,m1_m3,1.12598133,0.295134113,0.604435142,0.954256174,0,0,0.865208236,Mixed
BrahmsConcertPart2,File14,m1,m4,P,m1_m4,1.651417138,0.016342363,1.013582808,0.447443178,1,0,1.332499973,Mixed
BrahmsConcertPart2,File14,m1,m5,P,m1_m5,0.969476841,0.514302837,0.913682636,0.601080152,0,0,0.941579738,Mixed
BrahmsConcertPart2,File14,m2,m3,P,m2_m3,0.956875646,0.533799701,0.773208276,0.803924484,0,0,0.865041961,Mixed
BrahmsConcertPart2,File14,m2,m4,P,m2_m4,0.618125937,0.946778792,1.019888427,0.438125742,0,0,0.819007182,Mixed
BrahmsConcertPart2,File14,m2,m5,P,m2_m5,0.522261979,0.984373443,1.222637348,0.193243753,0,0,0.872449664,Mixed
BrahmsConcertPart2,File14,m3,m4,P,m3_m4,0.457539378,0.994761116,0.536952969,0.980624062,0,0,0.497246174,Mixed
BrahmsConcertPart2,File14,m3,m5,P,m3_m5,0.717347091,0.867673421,0.520101191,0.984874261,0,0,0.618724141,Mixed
BrahmsConcertPart2,File14,m4,m5,P,m4_m5,1.367131391,0.092760801,1.121491803,0.300567553,0,0,1.244311597,Mixed
BrahmsConcertPart1,File16,m1,m2,P,m1_m2,1.097201588,0.334279691,1.579357744,0.028683673,0,1,1.338279666,Mixed
BrahmsConcertPart1,File16,m1,m3,P,m1_m3,1.390557348,0.085610315,0.860535036,0.681257403,0,0,1.125546192,Mixed
BrahmsConcertPart1,File16,m1,m4,P,m1_m4,0.732295007,0.849632778,1.018681829,0.441727266,0,0,0.875488418,Mixed
BrahmsConcertPart1,File16,m1,m5,P,m1_m5,0.775001105,0.799497237,1.598981876,0.0253854,0,1,1.186991491,Mixed
BrahmsConcertPart1,File16,m2,m3,P,m2_m3,0.827712655,0.728880318,0.712299222,0.870548737,0,0,0.770005939,Mixed
BrahmsConcertPart1,File16,m2,m4,P,m2_m4,0.912525363,0.602488452,0.984263187,0.492708253,0,0,0.948394275,Mixed
BrahmsConcertPart1,File16,m2,m5,P,m2_m5,1.082421693,0.353349186,1.509206037,0.04377557,0,1,1.295813865,Mixed
BrahmsConcertPart1,File16,m3,m4,P,m3_m4,1.071522101,0.367791245,1.172330736,0.246831257,0,0,1.121926419,Mixed
BrahmsConcertPart1,File16,m3,m5,P,m3_m5,1.302222321,0.13536446,1.237749952,0.184500623,0,0,1.269986137,Mixed
BrahmsConcertPart1,File16,m4,m5,P,m4_m5,0.854324258,0.690433197,1.020137566,0.439613195,0,0,0.937230912,Mixed
BrahmsConcertPart1,File17,m1,m2,P,m1_m2,1.506418462,0.043007829,1.326596969,0.117616707,1,0,1.416507716,Mixed
BrahmsConcertPart1,File17,m1,m3,P,m1_m3,1.3062915,0.130492918,1.024443267,0.43246407,0,0,1.165367383,Mixed
BrahmsConcertPart1,File17,m1,m4,P,m1_m4,0.885534792,0.644151469,1.116881445,0.308087295,0,0,1.001208119,Mixed
BrahmsConcertPart1,File17,m1,m5,P,m1_m5,1.374816107,0.091142821,1.20361577,0.213316586,0,0,1.289215938,Mixed
BrahmsConcertPart1,File17,m2,m3,P,m2_m3,1.229807875,0.189232243,1.422619257,0.070006991,0,0,1.326213566,Mixed
BrahmsConcertPart1,File17,m2,m4,P,m2_m4,1.228349899,0.19051804,0.899222883,0.623184058,0,0,1.063786391,Mixed
BrahmsConcertPart1,File17,m2,m5,P,m2_m5,1.204946492,0.212042352,0.880590062,0.651678882,0,0,1.042768277,Mixed
BrahmsConcertPart1,File17,m3,m4,P,m3_m4,1.182128074,0.234647629,1.41632081,0.072527347,0,0,1.299224442,Mixed
BrahmsConcertPart1,File17,m3,m5,P,m3_m5,1.171759567,0.245434926,0.982199726,0.495312716,0,0,1.076979647,Mixed
BrahmsConcertPart1,File17,m4,m5,P,m4_m5,1.069286774,0.369464327,1.669581155,0.015366702,0,1,1.369433964,Mixed
BrahmsConcertPart2,File17,m1,m2,H,m1_m2,1.601778802,0.024422312,1.29860719,0.136783117,1,0,1.450192996,m5
BrahmsConcertPart2,File17,m1,m3,H,m1_m3,1.457634819,0.058211358,1.689387502,0.013876206,0,1,1.573511161,m5
BrahmsConcertPart2,File17,m1,m4,H,m1_m4,3.050974522,2.62E-07,1.291410785,0.141761376,1,0,2.171192654,m5
BrahmsConcertPart2,File17,m1,m5,H,m1_m5,1.266973217,0.159735037,1.197410949,0.220417046,0,0,1.232192083,m5
BrahmsConcertPart2,File17,m2,m3,H,m2_m3,1.697908734,0.013115838,2.454263845,4.35E-05,1,1,2.076086289,m5
BrahmsConcertPart2,File17,m2,m4,H,m2_m4,2.351681303,0.000100482,1.839718152,0.004970522,1,1,2.095699727,m5
BrahmsConcertPart2,File17,m2,m5,H,m2_m5,1.485584972,0.049508503,2.228216665,0.000269658,1,1,1.856900818,m5
BrahmsConcertPart2,File17,m3,m4,H,m3_m4,3.207869105,6.52E-08,1.816597326,0.005845627,1,1,2.512233216,m5
BrahmsConcertPart2,File17,m3,m5,H,m3_m5,1.780161173,0.007524908,2.474165306,3.69E-05,1,1,2.127163239,m5
BrahmsConcertPart2,File17,m4,m5,H,m4_m5,2.031780063,0.001226156,6.557232503,0,1,1,4.294506283,m5
BrahmsConcertPart1,File18,m1,m2,H,m1_m2,1.507430379,0.044254149,1.21836372,0.201651257,1,0,1.362897049,m5
BrahmsConcertPart1,File18,m1,m3,H,m1_m3,1.156874906,0.263474974,1.236007298,0.186020099,0,0,1.196441102,m5
BrahmsConcertPart1,File18,m1,m4,H,m1_m4,1.708450311,0.012580494,0.672937341,0.906566082,1,0,1.190693826,m5
BrahmsConcertPart1,File18,m1,m5,H,m1_m5,1.707990204,0.012618722,1.36713736,0.097042669,1,0,1.537563782,m5
BrahmsConcertPart1,File18,m2,m3,H,m2_m3,1.290985746,0.143120165,1.033790789,0.419991992,0,0,1.162388268,m5
BrahmsConcertPart1,File18,m2,m4,H,m2_m4,1.466958158,0.055983825,0.948729096,0.546804686,0,0,1.207843627,m5
BrahmsConcertPart1,File18,m2,m5,H,m2_m5,2.367431462,9.65E-05,1.83981403,0.0051578,1,1,2.103622746,m5
BrahmsConcertPart1,File18,m3,m4,H,m3_m4,1.30301222,0.134859634,0.688019893,0.893581189,0,0,0.995516056,m5
BrahmsConcertPart1,File18,m3,m5,H,m3_m5,0.822384774,0.736372481,1.44882767,0.062066206,0,0,1.135606222,m5
BrahmsConcertPart1,File18,m4,m5,H,m4_m5,0.918854885,0.592756435,1.331364973,0.116886515,0,0,1.125109929,m5
BrahmsConcertPart2,File18,m1,m2,H,m1_m2,1.252611375,0.172527351,1.221913635,0.198801158,0,0,1.237262505,m5
BrahmsConcertPart2,File18,m1,m3,H,m1_m3,0.897244679,0.625840401,0.847378044,0.700472766,0,0,0.872311361,m5
BrahmsConcertPart2,File18,m1,m4,H,m1_m4,0.926619328,0.580799162,1.444626791,0.063882874,0,0,1.18562306,m5
BrahmsConcertPart2,File18,m1,m5,H,m1_m5,1.299198325,0.137812567,1.39731146,0.082897294,0,0,1.348254892,m5
BrahmsConcertPart2,File18,m2,m3,H,m2_m3,0.693391716,0.888530971,1.750311086,0.009625411,0,1,1.221851401,m5
BrahmsConcertPart2,File18,m2,m4,H,m2_m4,0.972553979,0.510491335,1.196893465,0.222319729,0,0,1.084723722,m5
BrahmsConcertPart2,File18,m2,m5,H,m2_m5,1.521763545,0.040904496,1.353127512,0.104812419,1,0,1.437445528,m5
BrahmsConcertPart2,File18,m3,m4,H,m3_m4,1.414443283,0.075534143,1.491754779,0.04880341,0,1,1.453099031,m5
BrahmsConcertPart2,File18,m3,m5,H,m3_m5,1.262088126,0.164999436,1.954614365,0.002319587,0,1,1.608351246,m5
BrahmsConcertPart2,File18,m4,m5,H,m4_m5,1.566957755,0.031185644,0.900868058,0.620307339,1,0,1.233912907,m5
BrahmsConcertPart1,File19,m1,m2,P,m1_m2,1.038249341,0.414065563,1.325217371,0.12143161,0,0,1.181733356,m1
BrahmsConcertPart1,File19,m1,m3,P,m1_m3,0.966041219,0.520451679,1.310559868,0.130703465,0,0,1.138300544,m1
BrahmsConcertPart1,File19,m1,m4,P,m1_m4,1.811692468,0.006445007,1.485552919,0.050909727,1,0,1.648622693,m1
BrahmsConcertPart1,File19,m1,m5,P,m1_m5,1.719254343,0.011983055,1.360893942,0.101081275,1,0,1.540074143,m1
BrahmsConcertPart1,File19,m2,m3,P,m2_m3,1.646263932,0.019206588,3.502133628,7.21E-09,1,1,2.57419878,m1
BrahmsConcertPart1,File19,m2,m4,P,m2_m4,1.80151794,0.006908383,2.028708153,0.001379504,1,1,1.915113047,m1
BrahmsConcertPart1,File19,m2,m5,P,m2_m5,1.666082442,0.016925513,1.455444466,0.060447746,1,0,1.560763454,m1
BrahmsConcertPart1,File19,m3,m4,P,m3_m4,1.798665695,0.007043808,1.765722777,0.008799968,1,1,1.782194236,m1
BrahmsConcertPart1,File19,m3,m5,P,m3_m5,1.874945516,0.004160349,1.773671649,0.008342083,1,1,1.824308583,m1
BrahmsConcertPart1,File19,m4,m5,P,m4_m5,1.205463812,0.214479369,1.621273064,0.02248487,0,1,1.413368438,m1
BrahmsConcertPart1,File20,m1,m2,H,m1_m2,1.699980192,0.011528687,1.141795439,0.275860663,1,0,1.420887815,m5
BrahmsConcertPart1,File20,m1,m3,H,m1_m3,1.073517375,0.361788453,1.675830239,0.01360733,0,1,1.374673807,m5
BrahmsConcertPart1,File20,m1,m4,H,m1_m4,1.361990853,0.094719669,2.058629044,0.000792968,0,1,1.710309949,m5
BrahmsConcertPart1,File20,m1,m5,H,m1_m5,1.559067053,0.029410172,1.947181037,0.0018945,1,1,1.753124045,m5
BrahmsConcertPart1,File20,m2,m3,H,m2_m3,1.063149536,0.375965392,1.80043227,0.005662698,0,1,1.431790903,m5
BrahmsConcertPart1,File20,m2,m4,H,m2_m4,1.307881286,0.126343484,2.111194609,0.000520307,0,1,1.709537948,m5
BrahmsConcertPart1,File20,m2,m5,H,m2_m5,0.798666439,0.771191227,1.818230605,0.004975445,0,1,1.308448522,m5
BrahmsConcertPart1,File20,m3,m4,H,m3_m4,1.479217959,0.048257805,1.610344819,0.021101651,1,1,1.544781389,m5
BrahmsConcertPart1,File20,m3,m5,H,m3_m5,1.642227816,0.017077232,2.056459533,0.000806765,1,1,1.849343674,m5
BrahmsConcertPart1,File20,m4,m5,H,m4_m5,1.861870153,0.003608048,1.377229057,0.087099397,1,0,1.619549605,m5
BrahmsConcertPart1,File3,m1,m2,H,m1_m2,0.959870296,0.529139052,1.583009951,0.025526351,0,1,1.271440124,m5
BrahmsConcertPart1,File3,m1,m3,H,m1_m3,1.35897886,0.096844406,1.66979448,0.014394865,0,1,1.51438667,m5
BrahmsConcertPart1,File3,m1,m4,H,m1_m4,1.158380516,0.257619946,1.624082824,0.019533696,0,1,1.39123167,m5
BrahmsConcertPart1,File3,m1,m5,H,m1_m5,1.38335819,0.084716085,0.981093584,0.496423265,0,0,1.182225887,m5
BrahmsConcertPart1,File3,m2,m3,H,m2_m3,1.643552922,0.017168192,1.251875368,0.168001988,1,0,1.447714145,m5
BrahmsConcertPart1,File3,m2,m4,H,m2_m4,1.391926834,0.080767569,1.877780079,0.003282348,0,1,1.634853457,m5
BrahmsConcertPart1,File3,m2,m5,H,m2_m5,1.71901771,0.01027563,1.572352732,0.027332055,1,1,1.645685221,m5
BrahmsConcertPart1,File3,m3,m4,H,m3_m4,1.887956656,0.003042908,1.180698622,0.23374738,1,0,1.534327639,m5
BrahmsConcertPart1,File3,m3,m5,H,m3_m5,1.754886142,0.007995864,1.286740148,0.141386491,1,0,1.520813145,m5
BrahmsConcertPart1,File3,m4,m5,H,m4_m5,1.436316825,0.062716325,1.084834322,0.347032778,0,0,1.260575574,m5
BrahmsConcertPart2,File3,m1,m2,H,m1_m2,1.384592865,0.087180244,2.69119624,5.74E-06,0,1,2.037894552,m5
BrahmsConcertPart2,File3,m1,m3,H,m1_m3,1.846830621,0.004674291,2.655745013,7.77E-06,1,1,2.251287817,m5
BrahmsConcertPart2,File3,m1,m4,H,m1_m4,1.282459677,0.147840294,2.538019975,2.10E-05,0,1,1.910239826,m5
BrahmsConcertPart2,File3,m1,m5,H,m1_m5,1.055561084,0.388723435,2.567396857,1.64E-05,0,1,1.811478971,m5
BrahmsConcertPart2,File3,m2,m3,H,m2_m3,1.721498533,0.011111543,1.410630741,0.075585702,1,0,1.566064637,m5
BrahmsConcertPart2,File3,m2,m4,H,m2_m4,1.767234239,0.008144523,1.567890833,0.02999638,1,1,1.667562536,m5
BrahmsConcertPart2,File3,m2,m5,H,m2_m5,2.703564826,5.16E-06,2.393060901,6.99E-05,1,1,2.548312863,m5
BrahmsConcertPart2,File3,m3,m4,H,m3_m4,1.626077764,0.020790883,1.627999846,0.020536387,1,1,1.627038805,m5
BrahmsConcertPart2,File3,m3,m5,H,m3_m5,1.731063817,0.010418135,2.703400071,5.17E-06,1,1,2.217231944,m5
BrahmsConcertPart2,File3,m4,m5,H,m4_m5,2.415215165,5.83E-05,2.116564777,0.000632128,1,1,2.265889971,m5
BrahmsConcertPart3,File3,m1,m2,P,m1_m2,0.954092257,0.538763276,1.138611373,0.285553634,0,0,1.046351815,Mixed
BrahmsConcertPart3,File3,m1,m3,P,m1_m3,0.827105432,0.729042706,2.173046341,0.000496983,0,1,1.500075886,Mixed
BrahmsConcertPart3,File3,m1,m4,P,m1_m4,1.580719279,0.029447361,0.785195249,0.78567621,1,0,1.182957264,Mixed
BrahmsConcertPart3,File3,m1,m5,P,m1_m5,0.805469568,0.758914175,1.454888611,0.06141403,0,0,1.13017909,Mixed
BrahmsConcertPart3,File3,m2,m3,P,m2_m3,0.881837897,0.648952835,0.883085962,0.647072539,0,0,0.882461929,Mixed
BrahmsConcertPart3,File3,m2,m4,P,m2_m4,1.652700273,0.01885358,1.190816894,0.229638452,1,0,1.421758584,Mixed
BrahmsConcertPart3,File3,m2,m5,P,m2_m5,1.372982766,0.095767179,1.966709502,0.00226172,0,1,1.669846134,Mixed
BrahmsConcertPart3,File3,m3,m4,P,m3_m4,1.464962712,0.058034787,0.8113416,0.750932293,0,0,1.138152156,Mixed
BrahmsConcertPart3,File3,m3,m5,P,m3_m5,0.860858088,0.680263774,0.817398127,0.742599236,0,0,0.839128108,Mixed
BrahmsConcertPart3,File3,m4,m5,P,m4_m5,0.709159693,0.872782309,1.085284746,0.350834427,0,0,0.897222219,Mixed
BrahmsConcertPart1,File4,m1,m2,H,m1_m2,0.891941407,0.634315243,2.371353388,7.96E-05,0,1,1.631647397,m5
BrahmsConcertPart1,File4,m1,m3,H,m1_m3,1.345717345,0.106700421,1.183944388,0.233032591,0,0,1.264830866,m5
BrahmsConcertPart1,File4,m1,m4,H,m1_m4,1.456957953,0.057751378,1.293302094,0.139562958,0,0,1.375130024,m5
BrahmsConcertPart1,File4,m1,m5,H,m1_m5,0.913602997,0.600985694,2.426398768,5.05E-05,0,1,1.670000882,m5
BrahmsConcertPart1,File4,m2,m3,H,m2_m3,1.617348879,0.021715469,1.257725664,0.166097872,1,0,1.437537271,m5
BrahmsConcertPart1,File4,m2,m4,H,m2_m4,0.696691284,0.886572868,1.983538257,0.001686132,0,1,1.340114771,m5
BrahmsConcertPart1,File4,m2,m5,H,m2_m5,0.925260632,0.582957233,2.261159048,0.000194931,0,1,1.59320984,m5
BrahmsConcertPart1,File4,m3,m4,H,m3_m4,1.283381337,0.146603919,1.760244573,0.008397783,0,1,1.521812955,m5
BrahmsConcertPart1,File4,m3,m5,H,m3_m5,0.495125028,0.989504687,0.734041531,0.848670363,0,0,0.614583279,m5
BrahmsConcertPart1,File4,m4,m5,H,m4_m5,0.503627551,0.987957981,1.334819011,0.112955929,0,0,0.919223281,m5
BrahmsConcertPart1,File5,m1,m2,P,m1_m2,3.013414315,4.08E-07,1.444076338,0.063446068,1,0,2.228745327,Mixed
BrahmsConcertPart1,File5,m1,m3,P,m1_m3,1.334215175,0.114826002,2.194216365,0.000368337,0,1,1.76421577,Mixed
BrahmsConcertPart1,File5,m1,m4,P,m1_m4,1.248545643,0.175095303,1.020434673,0.439040027,0,0,1.134490158,Mixed
BrahmsConcertPart1,File5,m1,m5,P,m1_m5,1.510706508,0.043149649,1.775034724,0.007962123,1,1,1.642870616,Mixed
BrahmsConcertPart1,File5,m2,m3,P,m2_m3,0.661082525,0.916213068,2.906617241,1.03E-06,0,1,1.783849883,Mixed
BrahmsConcertPart1,File5,m2,m4,P,m2_m4,1.586795411,0.02719365,1.036350736,0.416173109,1,0,1.311573074,Mixed
BrahmsConcertPart1,File5,m2,m5,P,m2_m5,3.681935396,1.08E-09,3.094601432,2.01E-07,1,1,3.388268414,Mixed
BrahmsConcertPart1,File5,m3,m4,P,m3_m4,1.925169559,0.002774716,0.857346058,0.68607996,1,0,1.391257808,Mixed
BrahmsConcertPart1,File5,m3,m5,P,m3_m5,1.864450527,0.00428013,0.944567434,0.553174082,1,0,1.404508981,Mixed
BrahmsConcertPart1,File5,m4,m5,P,m4_m5,1.485537896,0.05002104,2.933542417,8.16E-07,0,1,2.209540156,Mixed
BrahmsConcertPart2,File5,m1,m2,H,m1_m2,0.583493902,0.964646427,0.809231258,0.757180457,0,0,0.69636258,m5
BrahmsConcertPart2,File5,m1,m3,H,m1_m3,0.958208521,0.531548077,0.680094294,0.903339914,0,0,0.819151407,m5
BrahmsConcertPart2,File5,m1,m4,H,m1_m4,0.613277868,0.950040213,1.025015327,0.429935634,0,0,0.819146598,m5
BrahmsConcertPart2,File5,m1,m5,H,m1_m5,1.13302806,0.285434468,1.674886016,0.013400828,0,1,1.403957038,m5
BrahmsConcertPart2,File5,m2,m3,H,m2_m3,0.897218608,0.626862778,1.482768921,0.046640289,0,1,1.189993765,m5
BrahmsConcertPart2,File5,m2,m4,H,m2_m4,0.891922984,0.635069762,0.971468738,0.510951688,0,0,0.931695861,m5
BrahmsConcertPart2,File5,m2,m5,H,m2_m5,0.557801395,0.974529445,0.817703322,0.745400883,0,0,0.687752359,m5
BrahmsConcertPart2,File5,m3,m4,H,m3_m4,0.822625444,0.738462114,0.939396979,0.56094592,0,0,0.881011211,m5
BrahmsConcertPart2,File5,m3,m5,H,m3_m5,1.301111492,0.13000932,0.773726165,0.804020234,0,0,1.037418829,m5
BrahmsConcertPart2,File5,m4,m5,H,m4_m5,1.034109455,0.416657759,0.919038474,0.592833539,0,0,0.976573965,m5
BrahmsConcertPart3,File5,m1,m2,P,m1_m2,1.25694361,0.169973304,1.580054274,0.029284043,0,1,1.418498942,Mixed
BrahmsConcertPart3,File5,m1,m3,P,m1_m3,1.73521677,0.010926995,1.772993082,0.008500293,1,1,1.754104926,Mixed
BrahmsConcertPart3,File5,m1,m4,P,m1_m4,1.631050151,0.021362673,1.223127395,0.198623519,1,0,1.427088773,Mixed
BrahmsConcertPart3,File5,m1,m5,P,m1_m5,1.106093714,0.324048107,1.782848662,0.007955972,0,1,1.444471188,Mixed
BrahmsConcertPart3,File5,m2,m3,P,m2_m3,1.670236303,0.016666723,0.881777799,0.649147141,1,0,1.276007051,Mixed
BrahmsConcertPart3,File5,m2,m4,P,m2_m4,1.094929577,0.338093392,1.278652132,0.15331139,0,0,1.186790855,Mixed
BrahmsConcertPart3,File5,m2,m5,P,m2_m5,1.149218729,0.273100734,1.022235525,0.437122794,0,0,1.085727127,Mixed
BrahmsConcertPart3,File5,m3,m4,P,m3_m4,0.997816138,0.472826215,1.450284421,0.062606613,0,0,1.224050279,Mixed
BrahmsConcertPart3,File5,m3,m5,P,m3_m5,1.079655981,0.357848218,1.569778973,0.031171434,0,1,1.324717477,Mixed
BrahmsConcertPart3,File5,m4,m5,P,m4_m5,1.620099822,0.022876599,1.055115253,0.390820586,1,0,1.337607538,Mixed
BrahmsConcertPart2,File6,m1,m2,H,m1_m2,1.319432968,0.124597,0.741055353,0.839724894,0,0,1.03024416,m5
BrahmsConcertPart2,File6,m1,m3,H,m1_m3,1.00816677,0.457258159,1.022800548,0.435934533,0,0,1.015483659,m5
BrahmsConcertPart2,File6,m1,m4,H,m1_m4,1.283454554,0.148898016,0.68779472,0.89359387,0,0,0.985624637,m5
BrahmsConcertPart2,File6,m1,m5,H,m1_m5,0.673268762,0.90611035,0.794589949,0.774063138,0,0,0.733929355,m5
BrahmsConcertPart2,File6,m2,m3,H,m2_m3,0.628373524,0.938804892,1.631587392,0.020874445,0,1,1.129980458,m5
BrahmsConcertPart2,File6,m2,m4,H,m2_m4,1.077747446,0.35978132,0.815046562,0.746419563,0,0,0.946397004,m5
BrahmsConcertPart2,File6,m2,m5,H,m2_m5,1.295003138,0.140721307,0.959709906,0.530034797,0,0,1.127356522,m5
BrahmsConcertPart2,File6,m3,m4,H,m3_m4,1.044973192,0.404399343,1.140392402,0.282331147,0,0,1.092682797,m5
BrahmsConcertPart2,File6,m3,m5,H,m3_m5,0.995028952,0.476699421,1.461468551,0.058083638,0,0,1.228248752,m5
BrahmsConcertPart2,File6,m4,m5,H,m4_m5,0.843731911,0.705772998,1.032022177,0.422698665,0,0,0.937877044,m5
BrahmsConcertPart1,File7,m1,m2,H,m1_m2,0.510560221,0.986975443,0.709731232,0.875458342,0,0,0.610145727,m5
BrahmsConcertPart1,File7,m1,m3,H,m1_m3,0.983498986,0.492713539,0.879517313,0.653892344,0,0,0.93150815,m5
BrahmsConcertPart1,File7,m1,m4,H,m1_m4,0.511889843,0.986702058,1.602649919,0.022417384,0,1,1.057269881,m5
BrahmsConcertPart1,File7,m1,m5,H,m1_m5,0.597839268,0.957661894,1.744683453,0.008557589,0,1,1.17126136,m5
BrahmsConcertPart1,File7,m2,m3,H,m2_m3,0.884331275,0.64652204,1.265797965,0.156820196,0,0,1.07506462,m5
BrahmsConcertPart1,File7,m2,m4,H,m2_m4,1.142256954,0.275723642,1.305981767,0.128051924,0,0,1.22411936,m5
BrahmsConcertPart1,File7,m2,m5,H,m2_m5,0.503604713,0.988335305,0.925472221,0.582718781,0,0,0.714538467,m5
BrahmsConcertPart1,File7,m3,m4,H,m3_m4,0.945265897,0.551834451,1.408369249,0.073514768,0,0,1.176817573,m5
BrahmsConcertPart1,File7,m3,m5,H,m3_m5,0.785253995,0.788686852,1.565206099,0.028536015,0,1,1.175230047,m5
BrahmsConcertPart1,File7,m4,m5,H,m4_m5,1.124279493,0.296976794,0.9341005,0.569251207,0,0,1.029189996,m5
BrahmsConcertPart2,File7,m1,m2,P,m1_m2,1.340252379,0.10780368,0.875912061,0.659193693,0,0,1.10808222,Mixed
BrahmsConcertPart2,File7,m1,m3,P,m1_m3,0.865983297,0.674214261,0.785655282,0.787770592,0,0,0.82581929,Mixed
BrahmsConcertPart2,File7,m1,m4,P,m1_m4,0.684040881,0.898956994,0.899139845,0.623569658,0,0,0.791590363,Mixed
BrahmsConcertPart2,File7,m1,m5,P,m1_m5,1.30720032,0.128094228,1.112590133,0.311972167,0,0,1.209895226,Mixed
BrahmsConcertPart2,File7,m2,m3,P,m2_m3,1.429366142,0.065887687,0.945389696,0.551691749,0,0,1.187377919,Mixed
BrahmsConcertPart2,File7,m2,m4,P,m2_m4,1.084051423,0.348554887,0.643777641,0.930363643,0,0,0.863914532,Mixed
BrahmsConcertPart2,File7,m2,m5,P,m2_m5,0.907182792,0.611120177,1.007021511,0.457417258,0,0,0.957102152,Mixed
BrahmsConcertPart2,File7,m3,m4,P,m3_m4,1.280371964,0.146712621,0.97790274,0.501466938,0,0,1.129137352,Mixed
BrahmsConcertPart2,File7,m3,m5,P,m3_m5,0.91683526,0.596131313,0.840997551,0.711250478,0,0,0.878916405,Mixed
BrahmsConcertPart2,File7,m4,m5,P,m4_m5,1.413814529,0.071998168,1.147241032,0.27074402,0,0,1.280527781,Mixed
BrahmsConcertPart3,File7,m1,m2,H,m1_m2,1.837708849,0.004719138,2.273447621,0.000164372,1,1,2.055578235,m5
BrahmsConcertPart3,File7,m1,m3,H,m1_m3,1.021619817,0.436285052,1.827723116,0.005068871,0,1,1.424671466,m5
BrahmsConcertPart3,File7,m1,m4,H,m1_m4,3.119454752,1.02E-07,0.85143672,0.695573205,1,0,1.985445736,m5
BrahmsConcertPart3,File7,m1,m5,H,m1_m5,1.155265534,0.262701598,1.292639693,0.139066994,0,0,1.223952613,m5
BrahmsConcertPart3,File7,m2,m3,H,m2_m3,1.322535863,0.119421544,1.798684805,0.006229977,0,1,1.560610334,m5
BrahmsConcertPart3,File7,m2,m4,H,m2_m4,1.876995898,0.003552417,0.974597198,0.506751815,1,0,1.425796548,m5
BrahmsConcertPart3,File7,m2,m5,H,m2_m5,2.019118614,0.001229281,1.865196912,0.00387045,1,1,1.942157763,m5
BrahmsConcertPart3,File7,m3,m4,H,m3_m4,0.850937486,0.696309549,0.409461174,0.998016228,0,0,0.63019933,m5
BrahmsConcertPart3,File7,m3,m5,H,m3_m5,0.737392003,0.845449744,0.885755445,0.643950747,0,0,0.811573724,m5
BrahmsConcertPart3,File7,m4,m5,H,m4_m5,2.197147445,0.000304687,2.223199903,0.000247094,1,1,2.210173674,m5
BrahmsConcertPart1,File8,m1,m2,H,m1_m2,0.972306384,0.510434613,1.562454167,0.030695886,0,1,1.267380275,m5
BrahmsConcertPart1,File8,m1,m3,H,m1_m3,1.87298045,0.003796331,1.959884141,0.002010984,1,1,1.916432295,m5
BrahmsConcertPart1,File8,m1,m4,H,m1_m4,2.865502764,1.17E-06,1.925338529,0.002594771,1,1,2.395420646,m5
BrahmsConcertPart1,File8,m1,m5,H,m1_m5,3.204543372,5.66E-08,6.884801024,0,1,1,5.044672198,m5
BrahmsConcertPart1,File8,m2,m3,H,m2_m3,1.023969325,0.433262273,1.250881422,0.171619149,0,0,1.137425374,m5
BrahmsConcertPart1,File8,m2,m4,H,m2_m4,1.519167909,0.040002004,1.1235969,0.300145559,1,0,1.321382404,m5
BrahmsConcertPart1,File8,m2,m5,H,m2_m5,1.696919621,0.012900842,2.083090343,0.000792076,1,1,1.890004982,m5
BrahmsConcertPart1,File8,m3,m4,H,m3_m4,5.80045434,0,2.186039853,0.000354754,1,1,3.993247097,m5
BrahmsConcertPart1,File8,m3,m5,H,m3_m5,4.77007834,2.55E-14,1.349187231,0.104769431,1,0,3.059632786,m5
BrahmsConcertPart1,File8,m4,m5,H,m4_m5,3.88002933,1.12E-10,1.791844989,0.006747083,1,1,2.83593716,m5
BrahmsConcertPart2,File8,m1,m2,H,m1_m2,1.269625771,0.158034521,0.789799322,0.78086711,0,0,1.029712547,m5
BrahmsConcertPart2,File8,m1,m3,H,m1_m3,0.694066224,0.888433166,1.547264194,0.034444943,0,1,1.120665209,m5
BrahmsConcertPart2,File8,m1,m4,H,m1_m4,0.911745062,0.603748589,1.037397649,0.414517695,0,0,0.974571356,m5
BrahmsConcertPart2,File8,m1,m5,H,m1_m5,0.809210684,0.754907386,0.748324677,0.832000697,0,0,0.77876768,m5
BrahmsConcertPart2,File8,m2,m3,H,m2_m3,0.941996182,0.557114324,0.889382436,0.638012483,0,0,0.915689309,m5
BrahmsConcertPart2,File8,m2,m4,H,m2_m4,1.185785232,0.232293545,1.065203991,0.375881416,0,0,1.125494612,m5
BrahmsConcertPart2,File8,m2,m5,H,m2_m5,0.7836126,0.788886718,1.334135177,0.114530599,0,0,1.058873889,m5
BrahmsConcertPart2,File8,m3,m4,H,m3_m4,1.202648499,0.21565913,0.592711959,0.958895885,0,0,0.897680229,m5
BrahmsConcertPart2,File8,m3,m5,H,m3_m5,0.888043794,0.640050921,1.149236005,0.27132556,0,0,1.0186399,m5
BrahmsConcertPart2,File8,m4,m5,H,m4_m5,0.685057499,0.896550736,0.906779653,0.611384267,0,0,0.795918576,m5
BrahmsConcertPart2,File9,m1,m2,P,m1_m2,1.742925732,0.009029331,1.259300771,0.163283931,1,0,1.501113252,Mixed
BrahmsConcertPart2,File9,m1,m3,P,m1_m3,0.947184845,0.548936753,0.777436336,0.798067725,0,0,0.862310591,Mixed
BrahmsConcertPart2,File9,m1,m4,P,m1_m4,0.825017197,0.734025838,1.148265701,0.270029225,0,0,0.986641449,Mixed
BrahmsConcertPart2,File9,m1,m5,P,m1_m5,1.003288461,0.463167368,0.9998832,0.468267887,0,0,1.00158583,Mixed
BrahmsConcertPart2,File9,m2,m3,P,m2_m3,1.074893477,0.36109629,1.397682133,0.079297632,0,0,1.236287805,Mixed
BrahmsConcertPart2,File9,m2,m4,P,m2_m4,0.8908581,0.63624486,1.303788776,0.130866533,0,0,1.097323438,Mixed
BrahmsConcertPart2,File9,m2,m5,P,m2_m5,0.861277031,0.681132696,0.664302945,0.915054211,0,0,0.762789988,Mixed
BrahmsConcertPart2,File9,m3,m4,P,m3_m4,1.198211907,0.217303213,0.947410853,0.548586126,0,0,1.07281138,Mixed
BrahmsConcertPart2,File9,m3,m5,P,m3_m5,1.266311304,0.157800975,1.370062039,0.092310138,0,0,1.318186671,Mixed
BrahmsConcertPart2,File9,m4,m5,P,m4_m5,1.100869096,0.327097695,0.861185747,0.681269208,0,0,0.981027421,Mixed
